89834443299|Bruce|Fields|Operating Systems, Professional Ethics, Web Development|Ap #327-4679 Libero. Rd.|48
10504471299|Tiger|Malone|Networking, Requirements Engineering|Ap #507-2886 Dictum Ave|89
55250351299|Guy|Baxter|Business Writing, Networking, Web Development|4798 Penatibus Av.|63
8941681099|Karen|Hoffman|Business Writing, Requirements Engineering|4525 Consequat Rd.|77
62440830899|Edward|Little|Requirements Engineering, Business Writing, Web Development|Ap #857-7039 Adipiscing Road|41
83642374599|Fulton|Quinn|Business Writing, Requirements Engineering, Web Development|921-205 In Avenue|79
84949725899|Wyatt|Norton|Requirements Engineering, Professional Ethics, Business Writing, Networking|1744 In Ave|75
21581534099|April|Atkins||P.O. Box 815, 741 Nullam Street|56
79707081099|Julian|Parsons|Business Writing, Requirements Engineering, Web Development, Professional Ethics, Operating Systems|P.O. Box 836, 927 Aliquam Rd.|78
86674737299|Zahir|Sanders|Professional Ethics, Requirements Engineering, Web Development, Business Writing|P.O. Box 395, 6143 Vitae St.|83
97649224499|Jaquelyn|Walters|Professional Ethics, Networking|136-9928 Enim Ave|96
92448229999|Jared|Gates|Requirements Engineering|431-5309 Nulla. Street|88
50590034799|Malachi|Morse|Networking|990-9723 Pede, Avenue|85
94815388299|Nicholas|Sheppard|Web Development, Requirements Engineering, Professional Ethics|Ap #405-9369 Dapibus St.|82
22486393099|Francis|Terrell||P.O. Box 369, 7148 Amet Rd.|90
48584257799|Maite|Miller||P.O. Box 895, 2632 Aliquam St.|62
6404739599|Jerome|Poole|Operating Systems, Business Writing|Ap #969-7460 Feugiat. Rd.|54
94465221099|Sara|Owens|Networking|Ap #320-1618 Ut Rd.|45
16364267399|Malik|Whitehead|Networking, Requirements Engineering|6777 Turpis Rd.|98
82666485399|Ryan|Weber|Web Development, Operating Systems, Professional Ethics, Networking, Business Writing|666-2770 Cum Road|75
80674763199|Alexis|Bullock|Networking, Operating Systems, Business Writing, Professional Ethics, Requirements Engineering|9657 Ipsum. Rd.|56
557530999|Joy|Hardy|Business Writing, Web Development, Operating Systems, Professional Ethics|6098 Suspendisse St.|68
39858318199|Leonard|Bonner|Business Writing, Professional Ethics|Ap #634-7100 Mauris Av.|80
1716379699|Keefe|Huff|Operating Systems, Requirements Engineering, Networking, Web Development, Professional Ethics|P.O. Box 882, 5262 Dictum Rd.|80
3632591299|Demetria|Schultz|Professional Ethics, Operating Systems, Business Writing, Requirements Engineering|P.O. Box 723, 1672 Adipiscing Av.|94
45612072799|Lesley|Reeves||Ap #929-7388 Orci Road|88
65368217099|Nigel|Santos|Professional Ethics|Ap #890-3156 In, Ave|100
2435678599|Orson|Fleming|Web Development|P.O. Box 424, 7636 Aptent Rd.|60
90390748399|Carolyn|Dean|Networking|Ap #175-5956 Quam, Avenue|84
26780175699|Jelani|Goodman||311-6970 Convallis Avenue|46
50242031299|Kimberly|Hawkins|Requirements Engineering, Operating Systems, Networking|6485 Porttitor Road|94
86522263399|Cullen|Downs||Ap #567-7951 Curabitur Street|57
69745488299|Noah|Gallegos|Requirements Engineering|904-3579 Netus Rd.|43
83319464499|Beverly|Weber|Business Writing, Requirements Engineering, Professional Ethics, Web Development, Networking|118-2652 Mauris Avenue|98
89668615499|Dale|Rodriguez|Business Writing, Networking, Requirements Engineering|613-6052 Vestibulum Road|74
57420022399|Timon|Benson|Networking, Professional Ethics, Requirements Engineering, Operating Systems|5694 Id, St.|100
71543458699|Germaine|Walker||P.O. Box 733, 2772 Ornare Ave|85
45372921999|Susan|Herrera|Requirements Engineering|P.O. Box 799, 4836 At St.|79
9393820999|Richard|Vaughn|Web Development, Professional Ethics, Requirements Engineering|8233 Nostra, St.|94
31322801599|Libby|Bradshaw|Networking, Professional Ethics, Operating Systems|Ap #166-1974 Eu Rd.|56
41296442799|Vivien|Hebert|Web Development, Networking, Professional Ethics, Business Writing, Operating Systems|P.O. Box 176, 906 Aenean Road|87
52453781099|Michelle|Gallagher||9541 Mollis. St.|49
28799034299|Vielka|Eaton|Requirements Engineering, Networking, Business Writing|460-9680 Et St.|80
14509125699|Ariel|Barlow|Requirements Engineering|Ap #159-131 Magna. St.|42
92820031099|Ursa|Guy||5557 Mollis Street|76
44672260199|Haviva|Palmer||P.O. Box 309, 8304 Rhoncus. Street|93
66616682099|Kadeem|Davenport|Web Development, Operating Systems, Professional Ethics, Requirements Engineering, Networking|9393 Tristique St.|66
35273464799|Conan|Buchanan|Professional Ethics, Operating Systems|Ap #323-7103 Duis St.|91
58696963899|Charity|Puckett|Requirements Engineering, Networking, Web Development, Business Writing|9464 Erat Avenue|54
25539287599|Roanna|Potter|Operating Systems, Networking, Requirements Engineering|Ap #944-9535 Amet, Street|72
57778446799|Dara|Brock|Web Development, Networking|8786 Sociis Road|78
22378966899|Orlando|Rivas|Business Writing, Web Development|792-7345 Eu Rd.|85
84944698799|Buffy|Chapman||311-3217 Rutrum, Street|82
67380592499|Elmo|Gamble|Web Development, Operating Systems, Networking, Business Writing, Requirements Engineering|Ap #697-8685 Nec, St.|90
6508310099|Austin|Nieves|Requirements Engineering, Operating Systems, Business Writing, Web Development, Professional Ethics|2591 Quam. Ave|79
42358544399|Melanie|Rivera|Business Writing, Requirements Engineering, Operating Systems, Web Development, Networking|P.O. Box 307, 3070 Dui. Ave|88
19810041599|Meghan|Joyner|Business Writing, Professional Ethics, Requirements Engineering, Networking|591-5100 A Street|47
30935597699|Merritt|Macdonald|Requirements Engineering, Business Writing, Web Development, Operating Systems, Professional Ethics|739-5125 Pede Av.|41
59785535599|Micah|Baldwin||Ap #569-9115 Eu, Av.|51
43421340799|Germane|Mays|Web Development, Requirements Engineering, Operating Systems, Business Writing, Networking|5404 Tincidunt Rd.|71
63447841599|Norman|Wiley|Networking, Business Writing, Professional Ethics, Web Development|8962 In Street|62
26904883199|Rowan|Spears|Networking, Requirements Engineering|Ap #928-1651 Est Avenue|76
84611735199|Nell|Warner|Web Development|Ap #393-462 Et St.|43
95424669199|Richard|Mcfadden|Business Writing, Web Development, Operating Systems, Professional Ethics|364-529 Tempor Avenue|78
47916505099|Forrest|Rollins|Operating Systems, Business Writing|Ap #684-7345 Senectus Rd.|96
75561965999|Imelda|Ray||7802 Ut Ave|45
49874989499|Mufutau|Rosario|Networking|P.O. Box 330, 2420 Adipiscing Avenue|47
99703971699|Paul|Davenport|Web Development, Requirements Engineering, Business Writing, Networking, Professional Ethics|Ap #875-4980 Aenean Av.|61
22912238399|Burke|Le|Requirements Engineering, Networking, Operating Systems, Business Writing, Web Development|2131 At St.|50
42319533799|Ezekiel|Noel|Operating Systems, Networking, Business Writing, Requirements Engineering, Web Development|Ap #473-4092 Dictum Road|45
91426320599|Desiree|Macdonald|Networking, Operating Systems, Requirements Engineering, Business Writing, Web Development|2136 Ut St.|64
64802641399|Caleb|Sweeney|Web Development, Operating Systems, Requirements Engineering|P.O. Box 140, 4591 Sit Rd.|65
24942509999|Samantha|Sellers|Web Development|8254 Amet, St.|60
61292673599|Lance|Golden||P.O. Box 651, 9635 Pellentesque St.|98
56415092699|Cruz|Wise||380-6455 Purus. Avenue|80
76302954599|Beatrice|Kelley|Business Writing, Operating Systems, Professional Ethics|P.O. Box 374, 7811 Vivamus Road|51
49806832499|Joshua|Elliott||1198 Augue Rd.|57
31846542599|Isadora|Coffey||P.O. Box 310, 3268 Enim, Rd.|98
41224883499|Galena|Glover|Requirements Engineering|474-4951 Facilisis St.|55
20810125099|Savannah|Willis||P.O. Box 467, 3519 Nunc Road|96
23980066999|Grace|Ayala|Operating Systems|9074 Mi Rd.|82
58736349799|Roth|Carver||8122 Eget, Street|41
68414150999|Quon|Hall|Networking, Professional Ethics, Operating Systems, Web Development|Ap #338-6042 Nulla Road|48
30850971099|Anne|Barrera|Professional Ethics, Operating Systems|P.O. Box 877, 2743 A, Street|96
96695061399|Seth|Poole|Requirements Engineering, Web Development, Business Writing|P.O. Box 646, 3663 Nibh. Av.|48
56519987599|James|Simpson|Requirements Engineering, Operating Systems, Professional Ethics|6826 Et St.|43
39221151899|Tamara|Caldwell|Requirements Engineering, Professional Ethics|2181 Rutrum St.|85
10817606499|Priscilla|Sweeney|Professional Ethics, Business Writing, Operating Systems, Web Development|Ap #679-8693 Cursus Rd.|97
76926370199|Camden|Little||6855 Consectetuer Rd.|60
98408134499|Lucas|Nguyen|Professional Ethics, Requirements Engineering, Business Writing, Operating Systems|Ap #723-6401 Egestas. Rd.|50
85678871899|August|Horne|Business Writing, Requirements Engineering, Web Development, Networking|Ap #649-6079 Dictum. Av.|100
77237887299|Quail|Benson||4958 Donec St.|57
63755732799|Ezekiel|Carrillo|Web Development, Requirements Engineering, Professional Ethics, Business Writing, Operating Systems|P.O. Box 707, 1212 Sed St.|75
15668753599|Priscilla|Byers|Professional Ethics, Web Development, Business Writing, Operating Systems|Ap #369-5555 Quis, Av.|63
16741034699|Cassady|Harper|Requirements Engineering, Professional Ethics, Business Writing|7204 Suspendisse St.|55
51536294099|Zachary|Waller|Web Development, Requirements Engineering, Business Writing, Networking, Professional Ethics|P.O. Box 514, 1566 Lorem, St.|99
99619764399|Acton|Dean|Networking|Ap #664-5869 Praesent Street|80
50881452599|Georgia|Mclaughlin|Requirements Engineering|Ap #783-3729 Scelerisque St.|58
89420314499|Thor|Kemp|Professional Ethics|268-3688 Nulla. Street|83
29275791599|Michael|Schmidt|Networking|6672 Imperdiet, Road|68
